{
  "id": "2547001",
  "name": "antd",
  "font_family": "iconfont",
  "css_prefix_text": "icon-",
  "description": "",
  "glyphs": [
    {
      "icon_id": "4765891",
      "name": "setting",
      "font_class": "setting",
      "unicode": "e78e",
      "unicode_decimal": 59278
    },
    {
      "icon_id": "4767093",
      "name": "check",
      "font_class": "check",
      "unicode": "e7fc",
      "unicode_decimal": 59388
    },
    {
      "icon_id": "4767096",
      "name": "close",
      "font_class": "close",
      "unicode": "e7fd",
      "unicode_decimal": 59389
    },
    {
      "icon_id": "4937000",
      "name": "github-fill",
      "font_class": "github-fill",
      "unicode": "e885",
      "unicode_decimal": 59525
    },
    {
      "icon_id": "4766886",
      "name": "car",
      "font_class": "car",
      "unicode": "e7d7",
      "unicode_decimal": 59351
    },
    {
      "icon_id": "4766887",
      "name": "printer",
      "font_class": "printer",
      "unicode": "e7d9",
      "unicode_decimal": 59353
    },
    {
      "icon_id": "4766905",
      "name": "video",
      "font_class": "video",
      "unicode": "e7db",
      "unicode_decimal": 59355
    },
    {
      "icon_id": "4766920",
      "name": "id card",
      "font_class": "idcard",
      "unicode": "e7e2",
      "unicode_decimal": 59362
    },
    {
      "icon_id": "4765721",
      "name": "check-circle",
      "font_class": "check-circle",
      "unicode": "e77d",
      "unicode_decimal": 59261
    },
    {
      "icon_id": "4766293",
      "name": "user",
      "font_class": "user",
      "unicode": "e7ae",
      "unicode_decimal": 59310
    },
    {
      "icon_id": "4766888",
      "name": "read",
      "font_class": "read",
      "unicode": "e7d8",
      "unicode_decimal": 59352
    },
    {
      "icon_id": "4766919",
      "name": "table",
      "font_class": "table",
      "unicode": "e7de",
      "unicode_decimal": 59358
    },
    {
      "icon_id": "4766953",
      "name": "error",
      "font_class": "error",
      "unicode": "e7df",
      "unicode_decimal": 59359
    },
    {
      "icon_id": "4766963",
      "name": "highlight",
      "font_class": "highlight",
      "unicode": "e7e1",
      "unicode_decimal": 59361
    },
    {
      "icon_id": "4766973",
      "name": "wrench",
      "font_class": "wrench",
      "unicode": "e7e5",
      "unicode_decimal": 59365
    },
    {
      "icon_id": "4767051",
      "name": "outdent",
      "font_class": "outdent",
      "unicode": "e7f3",
      "unicode_decimal": 59379
    },
    {
      "icon_id": "3522391",
      "name": "向上箭头",
      "font_class": "xiangshangjiantouarrowup",
      "unicode": "e61c",
      "unicode_decimal": 58908
    },
    {
      "icon_id": "5666480",
      "name": "向上箭头",
      "font_class": "arrowdown",
      "unicode": "e716",
      "unicode_decimal": 59158
    }
  ]
}
