{
  "id": "2565432",
  "name": "163",
  "font_family": "iconfont",
  "css_prefix_text": "icon-",
  "description": "",
  "glyphs": [
    {
      "icon_id": "4749586",
      "name": "邮箱",
      "font_class": "youxiang",
      "unicode": "e601",
      "unicode_decimal": 58881
    },
    {
      "icon_id": "8236942",
      "name": "用户",
      "font_class": "yonghu",
      "unicode": "e623",
      "unicode_decimal": 58915
    },
    {
      "icon_id": "12465975",
      "name": "向下箭头",
      "font_class": "jiantou",
      "unicode": "e600",
      "unicode_decimal": 58880
    },
    {
      "icon_id": "12861759",
      "name": "向下箭头",
      "font_class": "down-arrow",
      "unicode": "e626",
      "unicode_decimal": 58918
    }
  ]
}
